timestamp,temperature,pressure,humidity
2025-02-11T11:18:27.848Z,16.4,1021,77
2025-02-11T11:23:27.787Z,16.5,1020.9,74
2025-02-11T11:28:27.798Z,16.7,1021,76
2025-02-11T11:33:27.797Z,16.5,1021,72
2025-02-11T11:38:27.976Z,16.4,1020.8,76
2025-02-11T11:43:27.816Z,16.7,1020.8,76
2025-02-11T11:48:27.825Z,16,1020.7,73
2025-02-11T11:53:27.843Z,15.6,1020.6,76
2025-02-11T11:58:27.859Z,15.5,1020.6,76
2025-02-11T12:03:27.890Z,15.5,1020.5,76
2025-02-11T12:08:27.858Z,15.5,1020.4,75
2025-02-11T12:13:27.859Z,15.7,1020.4,76
2025-02-11T12:18:27.871Z,15.9,1020.3,75
2025-02-11T12:23:27.881Z,16.3,1020.3,74
2025-02-11T12:28:27.886Z,16.7,1020.3,72
2025-02-11T12:33:27.889Z,16.2,1020.1,73
2025-02-11T12:38:27.899Z,16,1020.1,75
2025-02-11T12:43:27.915Z,15.9,1019.9,75
2025-02-11T12:48:27.960Z,16,1019.8,73
2025-02-11T12:53:27.926Z,16.2,1019.8,73
2025-02-11T12:58:27.938Z,16.2,1019.7,72
2025-02-11T13:03:27.984Z,16.7,1019.7,71
2025-02-11T13:08:27.977Z,17.4,1019.5,72
2025-02-11T13:13:27.988Z,17.6,1019.6,72
2025-02-11T13:18:27.992Z,17.7,1019.4,71
2025-02-11T13:23:28.022Z,17.5,1019.3,69
2025-02-11T13:28:28.017Z,16.8,1019.1,73
2025-02-11T13:33:28.018Z,16.9,1019,73
2025-02-11T13:38:28.003Z,16.9,1018.9,70
2025-02-11T13:43:28.014Z,16.4,1018.9,73
2025-02-11T13:48:28.031Z,16.5,1019,74
2025-02-11T13:53:28.042Z,16.9,1019,73
2025-02-11T13:58:28.038Z,17.1,1018.9,72
2025-02-11T14:03:28.066Z,17.2,1018.8,72
2025-02-11T14:08:28.053Z,17.5,1018.6,72
2025-02-11T14:13:28.046Z,17.6,1018.6,71
2025-02-11T14:18:28.055Z,17.9,1018.6,71
2025-02-11T14:23:28.071Z,18,1018.6,69
2025-02-11T14:28:28.073Z,18.1,1018.6,69
2025-02-11T14:33:28.097Z,18.4,1018.6,69
2025-02-11T14:38:28.119Z,18.2,1018.5,71
2025-02-11T14:43:28.172Z,17.7,1018.6,70
2025-02-11T14:48:28.145Z,17,1018.5,72
2025-02-11T14:53:28.098Z,16.7,1018.5,72
2025-02-11T14:58:28.105Z,16.6,1018.4,73
2025-02-11T15:03:28.104Z,16.6,1018.7,74
2025-02-11T15:08:28.125Z,16.5,1018.7,76
2025-02-12T07:05:40.619Z,5.2,1016.7,96
2025-02-12T07:10:40.603Z,5.3,1016.8,96
2025-02-12T07:15:40.602Z,5.3,1016.6,96
2025-02-12T07:20:40.658Z,5.4,1016.7,96
2025-02-12T07:25:40.658Z,5.5,1016.7,96
2025-02-12T07:30:40.630Z,5.6,1016.6,96
2025-02-12T07:35:40.631Z,5.7,1016.7,96
2025-02-12T07:40:40.696Z,5.9,1016.7,96
2025-02-12T07:45:40.674Z,6,1016.8,96
2025-02-12T07:50:40.661Z,6.2,1016.7,96
2025-02-12T07:55:40.670Z,6.4,1016.6,96
2025-02-12T08:00:40.713Z,6.3,1016.5,96
2025-02-12T08:05:40.686Z,6.5,1016.5,96
2025-02-12T08:10:40.726Z,6.8,1016.5,96
2025-02-12T08:15:40.735Z,7,1016.5,96
2025-02-12T08:20:40.736Z,7,1016.6,96
2025-02-12T08:25:40.769Z,7.3,1016.7,96
2025-02-12T08:30:40.733Z,7.6,1016.6,96
2025-02-12T08:35:40.762Z,7.8,1016.7,96
2025-02-12T08:40:42.102Z,8.1,1016.8,97
2025-02-12T08:45:42.113Z,8.3,1016.8,96
2025-02-12T08:50:42.108Z,8.4,1017,96
2025-02-12T08:55:42.127Z,8.7,1017.1,97
2025-02-12T09:00:42.157Z,9.1,1017.2,97
2025-02-12T09:05:42.169Z,9.6,1017.2,96
2025-02-12T09:10:42.126Z,9.9,1016.9,97
2025-02-12T09:15:42.155Z,10.2,1017,96
2025-02-12T09:20:42.142Z,10.4,1017,97
2025-02-12T09:25:42.166Z,10.8,1017,96
2025-02-12T09:30:42.162Z,11.1,1017.1,97
2025-02-12T09:35:42.216Z,11.3,1017.1,97
2025-02-12T09:40:42.193Z,11.5,1017,96
2025-02-12T09:45:42.257Z,11.5,1016.7,96
2025-02-12T09:50:42.520Z,11.7,1016.6,96
2025-02-12T09:55:42.248Z,11.8,1016.7,96
2025-02-12T10:00:42.258Z,12,1016.7,96
2025-02-12T10:05:42.261Z,12.5,1016.6,96
2025-02-12T10:10:42.276Z,12.6,1016.7,96
2025-02-12T10:15:42.287Z,12.7,1016.8,96
2025-02-12T10:20:42.291Z,13,1016.9,96
2025-02-12T10:25:42.310Z,13.1,1016.6,95
2025-02-12T10:30:42.310Z,13.4,1016.5,95
2025-02-12T10:35:42.301Z,13.5,1016.5,94
2025-02-12T10:40:42.295Z,14.1,1016.5,95
2025-02-12T10:45:42.329Z,14.2,1016.6,95
2025-02-12T10:50:42.318Z,14.3,1016.6,94
2025-02-12T10:55:42.332Z,14.5,1016.4,93
2025-02-12T11:00:42.327Z,14.7,1016.4,93
2025-02-12T11:05:42.340Z,14.9,1016.5,91
2025-02-12T11:10:42.338Z,15.3,1016.4,90
2025-02-12T11:15:42.344Z,15.9,1016.5,86
2025-02-12T11:20:42.660Z,16.2,1016.4,83
2025-02-12T11:25:42.619Z,16.5,1016.3,82
2025-02-12T11:30:44.620Z,16.8,1016.2,82
2025-02-12T11:35:42.644Z,16.9,1016,79
2025-02-12T11:40:42.563Z,16.9,1015.8,77
2025-02-12T11:45:43.655Z,17.1,1015.8,78
2025-02-12T11:50:43.771Z,17,1015.8,78
2025-02-12T11:55:42.467Z,17,1015.9,76
2025-02-12T12:00:43.626Z,17.1,1015.9,76
2025-02-12T12:05:42.663Z,17.4,1015.8,77
2025-02-12T12:10:42.450Z,17.3,1015.5,75
2025-02-12T12:15:43.719Z,17.2,1015.4,77
2025-02-12T12:20:45.352Z,17.5,1015.3,75
2025-02-12T12:25:42.712Z,17.4,1015.2,75
2025-02-12T12:30:42.927Z,17.3,1015.3,74
2025-02-12T12:35:42.451Z,17.8,1015.4,75
2025-02-12T12:40:42.458Z,18,1015.3,74
2025-02-12T12:45:42.558Z,17.9,1015.1,72
2025-02-12T12:50:42.502Z,18.1,1015.1,74
2025-02-12T12:55:42.468Z,17.8,1015,73
2025-02-12T13:00:42.485Z,17.9,1015,75
2025-02-12T13:05:42.523Z,18,1014.9,74
2025-02-12T13:10:42.584Z,17.8,1015,75
2025-02-12T13:15:42.513Z,17.7,1015,74
2025-02-12T13:20:42.525Z,17.7,1015,76
2025-02-12T13:25:42.521Z,18,1015,73
2025-02-12T13:30:42.518Z,17.7,1014.8,74
2025-02-12T13:35:42.525Z,17.6,1014.8,75
2025-02-12T13:40:42.566Z,17.1,1014.7,75
2025-02-12T13:45:42.546Z,17.5,1014.6,76
2025-02-12T13:50:42.550Z,17.5,1014.7,74
2025-02-12T13:55:42.560Z,17.4,1014.7,75
2025-02-12T14:00:42.609Z,17,1014.6,73
2025-02-12T14:05:42.585Z,16.6,1014.5,76
2025-02-12T14:10:42.607Z,16.5,1014.4,76
2025-02-12T14:15:42.614Z,16.9,1014.4,75
2025-02-12T14:20:42.615Z,16.7,1014.3,75
2025-02-12T14:25:42.618Z,16.3,1014.3,76
2025-02-12T14:30:42.621Z,17,1014.3,75
2025-02-12T14:35:42.655Z,17.1,1014.3,75
2025-02-12T14:40:42.643Z,17,1014.4,74
2025-02-12T14:45:42.654Z,16.9,1014.3,75
2025-02-12T14:50:42.661Z,16.9,1014.2,74
2025-02-12T14:55:42.669Z,16.8,1014.3,75
2025-02-12T15:00:42.682Z,16.6,1014.3,76
2025-02-12T15:05:42.689Z,16.8,1014.3,75
2025-02-12T15:10:42.697Z,16.7,1014.3,76
2025-02-13T10:26:39.995Z,14.7,1018.7,89
2025-02-13T10:31:39.938Z,14.4,1018.7,88
2025-02-13T10:36:39.942Z,14.5,1018.8,88
2025-02-13T10:41:39.951Z,14.4,1018.6,86
2025-02-13T10:46:40.012Z,14.2,1018.7,86
2025-02-13T10:51:39.961Z,14.2,1018.7,86
2025-02-13T10:56:39.968Z,15,1018.7,85
2025-02-13T11:01:39.988Z,14.5,1018.8,83
2025-02-13T11:06:40.027Z,14.3,1018.8,85
2025-02-13T11:11:40.001Z,15.4,1018.8,82
2025-02-13T11:16:40.007Z,15.8,1018.9,81
2025-02-13T11:21:40.024Z,15.6,1018.8,81
2025-02-13T11:26:40.045Z,15.6,1018.6,80
2025-02-13T11:31:40.046Z,15.7,1018.5,80
2025-02-13T11:36:40.040Z,15.5,1018.7,79
2025-02-13T11:41:40.045Z,15.7,1018.5,80
2025-02-13T11:46:40.076Z,15.8,1018.6,79
2025-02-13T11:51:40.051Z,16,1018.7,79
2025-02-13T11:56:40.208Z,16.1,1018.6,78
2025-02-13T12:01:40.074Z,16.3,1018.4,76
2025-02-13T12:06:40.101Z,15.9,1018.4,77
2025-02-13T12:11:40.076Z,15.9,1018.4,78
2025-02-13T12:16:40.079Z,16.1,1018.3,78
2025-02-13T12:21:40.081Z,15.5,1018.4,79
2025-02-13T12:26:40.102Z,15.4,1018.4,78
2025-02-13T12:31:40.117Z,15.7,1018.3,79
2025-02-13T12:36:40.116Z,15.7,1018.2,78
2025-02-13T12:41:40.345Z,15.9,1018.3,81
2025-02-13T12:46:40.380Z,16.5,1018,78
2025-02-13T12:51:40.578Z,16.3,1018.1,77
2025-02-13T12:56:40.141Z,15.2,1018.2,80
2025-02-13T13:01:40.137Z,14.9,1018.2,82
2025-02-13T13:06:40.145Z,14.8,1018.2,82
2025-02-13T13:11:40.471Z,14.9,1018.2,83
2025-02-13T13:16:40.174Z,15.1,1018,84
2025-02-13T13:21:40.178Z,16,1017.9,81
2025-02-13T13:26:40.186Z,15.5,1018,79
2025-02-13T13:31:40.223Z,14.8,1018.1,81
2025-02-13T13:36:40.229Z,14.4,1018.1,82
2025-02-13T13:41:40.217Z,14.3,1018,83
2025-02-13T13:46:40.236Z,14.2,1018,84
2025-02-13T13:51:40.307Z,14.2,1018,84
2025-02-13T13:56:40.239Z,14.3,1017.9,84
2025-02-13T14:01:40.232Z,14.5,1017.9,84
2025-02-13T14:06:40.274Z,14.9,1017.9,82
2025-02-13T14:11:40.284Z,15.4,1018,81
2025-02-13T14:16:40.277Z,15.7,1018.1,79
2025-02-13T14:21:40.278Z,15.3,1018,80
2025-02-13T14:26:40.290Z,15.1,1018,81
2025-02-13T14:31:40.355Z,15.1,1018.1,81
2025-02-13T14:36:40.345Z,14.7,1018,81
2025-02-13T14:41:44.302Z,14.6,1018.1,81
2025-02-13T14:46:40.322Z,14.6,1018.3,81
2025-02-13T14:51:40.349Z,14.6,1018.3,81
2025-02-13T14:56:40.353Z,14.5,1018.2,81
2025-02-13T15:01:40.320Z,14.9,1018.3,81
2025-02-13T15:06:40.332Z,15.1,1018.3,80
2025-02-13T15:11:40.371Z,14.9,1018.3,81
2025-02-13T15:16:40.496Z,15,1018.2,81
2025-02-13T15:21:40.374Z,15,1018.2,80
2025-02-14T09:05:04.870Z,12.8,1018.8,95
2025-02-14T09:10:04.761Z,12.8,1018.8,95
2025-02-14T09:15:04.798Z,13.2,1018.8,94
2025-02-14T09:20:04.805Z,13.6,1018.5,94
2025-02-14T09:25:04.812Z,13.8,1018.6,93
2025-02-14T09:30:04.783Z,14,1018.5,93
2025-02-14T09:35:04.815Z,14.3,1018.6,93
2025-02-14T09:40:04.816Z,14.8,1018.4,92
2025-02-14T09:45:04.805Z,15.1,1018.5,89
2025-02-14T09:50:04.809Z,15.1,1018.6,87
2025-02-14T09:55:04.852Z,15.2,1018.6,87
2025-02-14T10:00:04.825Z,15.2,1018.5,86
2025-02-14T10:05:04.914Z,15.2,1018.4,86
2025-02-14T10:10:04.846Z,15.2,1018.4,84
2025-02-14T10:15:04.849Z,15.3,1018.4,84
2025-02-14T10:20:04.893Z,15.3,1018.3,83
2025-02-14T10:25:04.908Z,15.7,1018.5,83
2025-02-14T10:30:04.912Z,15.8,1018.4,79
2025-02-14T10:35:04.886Z,15.9,1018.4,78
2025-02-14T10:40:04.896Z,16.4,1018.5,77
2025-02-14T10:45:04.916Z,16.6,1018.3,77
2025-02-14T10:50:04.894Z,16.4,1018.4,77
2025-02-14T10:55:04.931Z,16.4,1018.4,76
2025-02-14T11:00:04.938Z,16.6,1018.4,78
2025-02-14T11:05:05.036Z,16.8,1018.5,77
2025-02-14T11:10:04.953Z,17,1018.6,75
2025-02-14T11:15:04.936Z,16.9,1018.4,75
2025-02-14T11:20:04.992Z,17.2,1018.4,77
2025-02-14T11:25:04.970Z,17.3,1018.3,74
2025-02-14T11:30:04.947Z,17.4,1018.2,72
2025-02-14T11:35:04.975Z,17,1018.2,71
2025-02-14T11:40:04.976Z,16.7,1018,72
2025-02-14T11:45:04.981Z,16.7,1018,71
2025-02-14T11:50:04.958Z,16.8,1017.9,72
2025-02-14T11:55:04.967Z,17,1017.7,73
2025-02-14T12:00:05.012Z,17.4,1017.6,71
2025-02-14T12:05:05.133Z,17.3,1017.5,70
2025-02-14T12:10:05.024Z,17.6,1017.5,71
2025-02-14T12:15:05.031Z,17.7,1017.4,68
2025-02-14T12:20:05.013Z,17.9,1017.5,66
2025-02-14T12:25:05.040Z,18,1017.4,66
2025-02-14T12:30:05.073Z,18.2,1017.1,66
2025-02-14T12:35:05.167Z,18.4,1017,65
2025-02-14T12:40:05.027Z,18.4,1016.9,63
2025-02-14T12:45:05.149Z,18.5,1016.8,62
2025-02-14T12:50:05.162Z,18.6,1016.8,61
2025-02-14T12:55:05.086Z,18.7,1016.7,60
2025-02-14T13:00:05.101Z,18.7,1016.7,60
2025-02-14T13:05:05.281Z,18.5,1016.6,61
2025-02-14T13:10:05.125Z,18.5,1016.5,65
2025-02-14T13:15:05.088Z,18.9,1016.5,66
2025-02-14T13:20:05.208Z,18.7,1016.4,62
2025-02-14T13:25:05.214Z,18.9,1016.4,63
2025-02-14T13:30:05.259Z,18.8,1016.4,64
2025-02-14T13:35:05.179Z,18.9,1016.3,63
2025-02-14T13:40:05.175Z,18.9,1016.4,63
2025-02-14T13:45:05.244Z,18.9,1016.4,62
2025-02-14T13:50:05.252Z,19,1016.3,63
2025-02-14T13:55:05.199Z,18.9,1016.2,59
2025-02-14T14:00:05.200Z,18.9,1016.2,62
2025-02-14T14:05:05.187Z,18.9,1016.1,63
2025-02-14T14:10:05.156Z,19,1016,63
2025-02-14T14:15:05.161Z,18.9,1016,63
2025-02-14T14:20:05.192Z,18.9,1015.8,62
2025-02-14T14:25:05.178Z,18.9,1015.9,63
2025-02-14T16:05:08.124Z,17.8,1015.4,69
2025-02-14T16:10:08.201Z,17.4,1015.4,67
2025-02-14T16:15:08.116Z,17,1015.4,67
2025-02-14T16:20:08.114Z,16.9,1015.4,67
2025-02-14T16:25:08.171Z,16.7,1015.5,69
2025-02-14T16:30:08.133Z,16.5,1015.5,71
2025-02-14T16:35:08.154Z,16.3,1015.5,70
2025-02-14T16:40:08.154Z,16.1,1015.6,72
2025-02-14T16:45:08.156Z,15.9,1015.6,72
2025-02-14T16:50:08.162Z,15.7,1015.5,73
2025-02-14T16:55:08.189Z,15.5,1015.6,74
2025-02-14T17:00:08.149Z,15.3,1015.5,74
2025-02-14T17:05:08.179Z,15,1015.5,75
2025-02-14T17:10:08.181Z,14.9,1015.5,75
2025-02-14T17:15:08.200Z,14.6,1015.6,76
2025-02-14T17:20:08.190Z,14.2,1015.5,78
2025-02-14T17:25:08.191Z,13.9,1015.4,79
2025-02-14T17:30:08.224Z,13.7,1015.4,80
2025-02-14T17:35:08.217Z,13.4,1015.5,81
2025-02-17T06:52:13.192Z,5.1,1015.9,96
2025-02-17T06:57:13.236Z,5.1,1015.9,96
2025-02-17T07:02:13.259Z,5.2,1015.8,96
2025-02-17T07:07:13.230Z,5.2,1015.8,96
2025-02-17T07:12:13.238Z,5.5,1015.9,96
2025-02-17T07:17:13.223Z,5.7,1016.1,96
2025-02-17T07:22:13.274Z,5.8,1016.2,96
2025-02-17T07:27:13.250Z,5.9,1016.2,96
2025-02-17T07:32:13.278Z,6.3,1016.2,96
2025-02-17T07:37:13.274Z,6.5,1016.3,96
2025-02-17T07:42:13.299Z,6.8,1016.5,96
2025-02-17T07:47:13.271Z,7,1016.5,96
2025-02-17T07:52:13.304Z,7.3,1016.6,96
2025-02-17T07:57:13.569Z,7.6,1016.7,96
2025-02-17T08:02:13.338Z,7.7,1016.7,96
2025-02-17T08:07:13.397Z,7.9,1016.6,96
2025-02-17T08:12:13.338Z,8,1016.8,96
2025-02-17T08:17:13.345Z,7.9,1016.8,96
2025-02-17T08:22:13.366Z,8.1,1016.9,96
2025-02-17T08:27:13.364Z,8.2,1017,96
2025-02-17T08:32:13.344Z,8.4,1017,96
2025-02-17T08:37:13.373Z,8.5,1017.1,96
2025-02-17T08:42:13.364Z,8.7,1016.9,96
2025-02-17T08:47:13.390Z,8.9,1016.8,96
2025-02-17T08:52:13.444Z,9.4,1016.7,96
2025-02-17T08:57:13.413Z,9.7,1016.8,97
2025-02-17T09:02:13.432Z,9.6,1016.9,96
2025-02-17T09:07:13.414Z,9.8,1016.9,96
2025-02-17T09:12:13.396Z,10,1016.9,97
2025-02-17T09:17:15.630Z,10.6,1016.9,96
2025-02-17T09:22:15.634Z,10.7,1016.9,97
2025-02-17T09:27:15.650Z,10.9,1017,96
2025-02-17T09:32:15.684Z,11.2,1017.1,96
2025-02-17T09:37:15.680Z,11.5,1017,97
2025-02-17T09:42:15.657Z,11.8,1016.5,97
2025-02-17T09:47:15.693Z,11.8,1016.7,97
2025-02-17T09:52:15.689Z,11.9,1016.7,97
2025-02-17T09:57:15.690Z,12.1,1016.9,97
2025-02-17T10:02:15.778Z,12.4,1016.9,97
2025-02-17T10:07:15.746Z,12.5,1016.9,97
2025-02-17T10:12:15.747Z,12.9,1016.9,97
2025-02-17T10:17:15.764Z,12.8,1017,97
2025-02-17T10:22:15.713Z,13.1,1017,97
2025-02-17T10:27:15.740Z,13.4,1016.9,97
2025-02-17T10:32:15.708Z,13.9,1016.8,97
2025-02-17T10:37:15.744Z,14,1016.9,97
2025-02-17T10:42:15.752Z,14.4,1016.8,97
2025-02-17T10:47:15.762Z,14.6,1016.9,97
2025-02-17T10:52:15.784Z,14.7,1017,96
2025-02-17T10:57:15.883Z,15.2,1016.8,95
2025-02-17T11:02:15.957Z,15.5,1016.9,94
2025-02-17T11:07:15.792Z,15.5,1017,94
2025-02-17T11:12:15.814Z,15.7,1017,93
2025-02-17T11:17:16.003Z,15.9,1016.8,92
2025-02-17T11:22:15.883Z,16,1016.8,92
2025-02-17T11:27:16.000Z,16.5,1016.8,91
2025-02-17T11:32:16.320Z,17,1016.7,88
2025-02-17T11:37:15.986Z,17.1,1016.9,80
2025-02-17T11:42:15.883Z,17.4,1016.9,81
2025-02-17T11:47:16.526Z,17.8,1016.7,78
2025-02-17T11:52:16.049Z,17.9,1016.7,76
2025-02-17T11:57:15.950Z,18,1016.7,74
2025-02-17T12:02:15.873Z,18.1,1016.6,75
2025-02-17T12:07:15.881Z,18.3,1016.6,73
2025-02-17T12:12:15.890Z,18.5,1016.5,70
2025-02-17T12:17:15.991Z,18.4,1016.4,72
2025-02-17T12:22:16.226Z,18.5,1016.4,73
2025-02-17T12:27:15.920Z,18.8,1016.4,70
2025-02-17T12:32:15.972Z,18.6,1016.3,67
2025-02-17T12:37:15.974Z,18.6,1016.3,67
2025-02-17T12:42:15.943Z,18.3,1016.2,65
2025-02-17T12:47:16.022Z,18.6,1016.2,68
2025-02-17T12:52:16.040Z,18.8,1016.1,68
2025-02-17T12:57:16.008Z,18.7,1016,63
2025-02-17T13:31:11.535Z,18.7,1015.9,61
2025-02-17T13:36:11.365Z,18.5,1015.9,69
2025-02-17T13:41:11.360Z,18.8,1015.8,65
2025-02-17T13:46:11.400Z,18.7,1015.8,67
2025-02-17T13:51:11.383Z,18.6,1015.8,66
2025-02-17T13:56:11.427Z,18.8,1015.8,68
2025-02-17T14:01:11.397Z,18.5,1015.7,68
2025-02-17T14:06:11.436Z,18.5,1015.8,69
2025-02-17T14:11:11.415Z,18.5,1015.7,69
2025-02-17T14:16:11.425Z,18.6,1015.8,68
2025-02-17T14:21:11.442Z,18.5,1015.8,68
2025-02-17T14:26:11.523Z,18.5,1015.8,67
2025-02-17T14:31:11.481Z,18.3,1015.8,68
2025-02-17T14:36:11.456Z,18,1015.7,69
2025-02-17T14:41:11.466Z,18.3,1015.7,70
2025-02-17T14:46:11.438Z,18.3,1015.8,72
2025-02-17T14:51:11.457Z,18.1,1015.8,72
2025-02-17T14:56:11.618Z,18.1,1015.9,71
2025-02-17T15:01:11.527Z,18.1,1015.8,72
2025-02-17T15:06:11.494Z,18.1,1016,71
2025-02-17T15:11:11.472Z,18,1016,73
2025-02-17T15:16:11.486Z,17.9,1015.9,72
2025-02-17T15:21:11.493Z,17.8,1016,72
2025-02-17T15:26:11.583Z,18,1016,74
2025-02-17T15:31:11.528Z,18,1016,72
2025-02-17T15:36:11.528Z,17.9,1016,74
2025-02-17T15:41:11.544Z,17.6,1016,74
2025-02-17T15:46:11.545Z,17.5,1016,74
2025-02-17T15:51:11.557Z,17.4,1016,74
2025-02-17T15:56:11.543Z,17.2,1016,75
2025-02-17T16:01:11.553Z,17.2,1016,76
2025-02-17T16:06:11.616Z,17,1016,75
2025-02-17T16:11:11.622Z,16.8,1016,76
2025-02-17T16:16:11.576Z,16.7,1015.9,77
2025-02-17T16:21:11.584Z,16.5,1016,77
2025-02-17T16:26:11.608Z,16.3,1016,77
2025-02-17T16:31:11.605Z,16.2,1016.1,77
2025-02-17T17:37:02.843Z,13.6,1016.1,85
2025-02-17T17:42:02.833Z,13.3,1016.4,85
2025-02-17T17:47:02.909Z,13.3,1016.5,86
2025-02-17T17:52:02.843Z,12.4,1016.5,85
2025-02-17T17:57:02.869Z,12,1016.6,86
2025-02-17T18:02:02.848Z,11.4,1016.6,87
2025-02-17T18:07:02.944Z,11.6,1016.6,88
2025-02-17T18:12:02.906Z,11.6,1016.6,89
2025-02-17T18:17:02.919Z,11.4,1016.6,89
2025-02-17T18:22:02.881Z,11.5,1016.8,89
2025-02-17T18:27:02.902Z,11.1,1016.9,89
2025-02-17T18:32:04.316Z,11,1016.9,90
2025-02-17T18:37:04.338Z,10.1,1016.9,89
2025-02-17T18:42:04.350Z,10,1016.9,90
2025-02-17T18:47:04.337Z,10.4,1016.9,91
2025-02-17T18:52:04.361Z,10.1,1017,91
2025-02-17T18:57:04.358Z,10.1,1016.9,91
2025-02-17T19:02:04.417Z,9.9,1016.9,91
2025-02-17T19:07:04.389Z,9.5,1017.1,91
2025-02-17T19:12:04.398Z,9.3,1017.2,91
2025-02-17T19:17:04.426Z,9,1017.3,91
2025-02-17T19:22:04.405Z,8.9,1017.3,92
2025-02-17T19:27:04.396Z,9,1017.2,92
2025-02-17T19:32:04.404Z,8.8,1017.2,92
2025-02-17T19:37:04.403Z,8.5,1017.1,91
2025-02-17T19:42:04.407Z,8.4,1017.2,92
2025-02-17T19:47:04.405Z,8.4,1017.3,92
2025-02-17T19:52:04.448Z,8.2,1017.3,92
2025-02-17T19:57:04.429Z,8.2,1017.4,93
2025-02-17T20:02:04.455Z,8.2,1017.4,93
2025-02-17T20:07:04.482Z,8.2,1017.4,93
2025-02-17T20:12:04.457Z,7.8,1017.3,92
2025-02-17T20:17:04.507Z,7.7,1017.4,93
2025-02-17T20:22:04.496Z,7.9,1017.6,93
2025-02-17T20:27:04.519Z,7.9,1017.9,93
2025-02-17T20:32:04.498Z,7.8,1018,93
2025-02-17T20:37:04.515Z,7.8,1018,93
2025-02-17T20:42:04.565Z,7.3,1018,93
2025-02-17T20:47:04.539Z,7.2,1018,93
2025-02-18T06:56:14.526Z,9.6,1017.6,95
2025-02-18T07:01:14.607Z,9.6,1017.5,95
2025-02-18T07:06:14.569Z,9.6,1017.6,95
2025-02-18T07:11:14.554Z,9.7,1017.7,95
2025-02-18T07:16:14.574Z,9.7,1017.6,95
2025-02-18T07:21:14.608Z,9.8,1017.7,95
2025-02-18T07:26:14.609Z,9.8,1017.8,95
2025-02-18T07:31:14.593Z,10,1017.8,95
2025-02-18T07:36:14.626Z,10.2,1017.8,96
2025-02-18T07:41:14.620Z,10.3,1017.8,95
2025-02-18T07:46:14.661Z,10.4,1017.9,95
2025-02-18T07:51:14.612Z,10.5,1018,95
2025-02-18T07:56:14.624Z,10.7,1018,95
2025-02-18T08:01:14.633Z,10.8,1017.9,96
2025-02-18T08:06:14.652Z,10.9,1018,95
2025-02-18T08:11:14.647Z,11.1,1018.1,95
2025-02-18T08:16:14.678Z,11.3,1018.1,95
2025-02-18T08:21:14.659Z,11.6,1018.1,95
2025-02-18T08:26:14.671Z,11.6,1018.1,95
2025-02-18T08:31:14.684Z,11.8,1018.1,95
2025-02-18T08:36:14.730Z,11.9,1018,94
2025-02-18T08:41:14.715Z,12.3,1017.7,94
2025-02-18T08:46:14.725Z,12.4,1017.7,94
2025-02-18T08:51:14.750Z,12.8,1017.7,94
2025-02-18T08:56:14.715Z,13.1,1017.7,93
2025-02-18T09:01:14.717Z,13.1,1017.7,92
2025-02-18T09:06:14.765Z,13.5,1017.8,90
2025-02-18T09:11:14.776Z,13.6,1017.9,89
2025-02-18T09:16:14.800Z,13.8,1017.8,86
2025-02-18T09:21:14.798Z,14,1017.9,85
2025-02-18T09:26:14.794Z,14.1,1017.9,84
2025-02-18T09:31:14.844Z,14.1,1017.9,84
2025-02-18T09:36:14.824Z,14.2,1018,84
2025-02-18T09:41:14.829Z,14.7,1018,83
2025-02-18T09:46:14.844Z,14.9,1017.8,82
2025-02-18T09:51:14.876Z,15.1,1017.9,81
2025-02-18T09:56:14.848Z,15.7,1017.9,82
2025-02-18T10:01:14.853Z,15.8,1018.1,82
2025-02-18T10:06:14.869Z,16,1018.1,79
2025-02-18T10:11:14.871Z,16.1,1018,81
2025-02-18T10:16:14.901Z,16,1018.1,81
2025-02-18T10:21:14.889Z,16.1,1018.3,80
2025-02-18T10:26:14.909Z,15.9,1018.1,79
2025-02-18T10:31:14.914Z,16.2,1018.1,79
2025-02-18T10:36:14.910Z,16,1018,78
2025-02-18T10:41:14.917Z,16.1,1018.1,79
2025-02-18T10:46:14.927Z,16.2,1018.1,79
2025-02-18T10:51:14.949Z,16.2,1018.2,80
2025-02-18T10:56:14.938Z,16.7,1018.2,77
2025-02-18T11:01:14.958Z,16.5,1018.1,77
2025-02-18T11:06:14.968Z,16.9,1018,77
2025-02-18T11:11:14.980Z,16.8,1018,75
2025-02-18T11:16:14.997Z,16.8,1017.9,75
2025-02-18T11:21:15.000Z,17.2,1017.8,76
2025-02-18T11:26:15.015Z,17.2,1017.9,76
2025-02-18T11:31:15.014Z,17,1017.6,74
2025-02-18T11:36:15.017Z,17.4,1017.7,75
2025-02-18T11:41:15.031Z,17.7,1017.7,75
2025-02-18T11:46:15.029Z,17.6,1017.4,74
2025-02-18T11:51:15.035Z,17.5,1017.3,74
2025-02-18T11:56:15.046Z,17.5,1017.3,74
2025-02-18T12:01:15.058Z,17.8,1017.4,74
2025-02-18T12:06:15.056Z,17.9,1017.4,73
2025-02-18T12:11:15.071Z,17.5,1017.3,74
2025-02-18T12:16:15.087Z,18.1,1017.2,73
2025-02-18T12:21:15.105Z,18,1017.1,74
2025-02-18T12:26:15.100Z,18,1017.1,70
2025-02-18T12:31:15.095Z,18.4,1017.1,72
2025-02-18T12:36:15.109Z,17.9,1017,68
2025-02-18T12:41:15.109Z,18.1,1017,70
2025-02-18T12:46:15.163Z,18.4,1017,66
2025-02-18T12:51:15.125Z,18.4,1016.9,68
2025-02-18T12:56:15.132Z,18.5,1016.9,67
2025-02-18T13:01:15.139Z,18.5,1016.7,69
2025-02-18T13:06:15.205Z,18.4,1016.6,70
2025-02-18T13:11:15.160Z,18.8,1016.6,68
2025-02-18T13:16:15.169Z,18.7,1016.5,70
2025-02-18T13:21:15.165Z,18.7,1016.5,68
2025-02-18T13:26:15.180Z,18.5,1016.5,69
2025-02-18T13:31:15.182Z,18.8,1016.4,69
2025-02-18T13:36:15.184Z,18.7,1016.4,69
2025-02-18T13:41:15.196Z,18.5,1016.3,70
2025-02-18T13:46:15.199Z,18.5,1016.2,69
2025-02-18T13:51:15.213Z,18.6,1016.1,69
2025-02-18T13:56:15.217Z,18.5,1016.1,66
2025-02-18T14:01:15.240Z,18.6,1016,69
2025-02-18T14:06:15.244Z,18.5,1016,69
2025-02-18T14:11:15.237Z,18.5,1016,69
2025-02-18T14:16:15.236Z,18.4,1016,68
2025-02-18T14:21:15.276Z,18.4,1015.9,72
2025-02-18T14:26:15.269Z,18.6,1015.9,70
2025-02-18T14:31:15.301Z,18.4,1016,71
2025-02-18T14:36:15.280Z,18,1016,73
2025-02-18T14:41:15.294Z,18,1016,72
2025-02-18T14:46:15.297Z,18,1016.1,73
2025-02-20T08:29:46.117Z,13.7,1025.8,95
2025-02-20T08:34:46.097Z,14,1025.9,95
2025-02-20T08:39:46.108Z,14.4,1026,94
2025-02-20T08:44:46.126Z,14.7,1026,93
2025-02-20T08:49:46.135Z,14.8,1026,92
2025-02-20T08:54:46.133Z,15.1,1026.1,91
2025-02-20T08:59:46.165Z,15.3,1026.1,89
2025-02-20T09:04:46.152Z,15.6,1026.1,87
2025-02-20T09:09:46.166Z,15.7,1025.7,84
2025-02-20T09:14:46.174Z,15.4,1025.9,83
2025-02-20T09:19:46.182Z,15.3,1026,85
2025-02-20T09:24:46.195Z,15.3,1026.1,83
2025-02-20T09:29:46.195Z,15.2,1026.1,83
2025-02-20T09:34:46.206Z,15.3,1026.1,83
2025-02-20T09:39:46.226Z,15.7,1026.1,79
2025-02-20T09:44:46.234Z,16.1,1026.1,78
2025-02-20T09:49:46.249Z,16.1,1026.2,77
2025-02-20T09:54:46.257Z,16.2,1026.2,76
2025-02-20T09:59:46.257Z,16.4,1026.3,75
2025-02-20T10:04:46.263Z,16.4,1026.4,75
2025-02-20T10:09:46.265Z,16.2,1026.5,74
2025-02-20T10:14:46.286Z,16.3,1026.5,75
2025-02-20T10:19:46.287Z,16.5,1026.5,76
2025-02-20T10:24:46.288Z,16.3,1026.5,76
2025-02-20T10:29:46.298Z,16.3,1026.4,78
2025-02-20T10:34:46.318Z,16.7,1026.4,75
2025-02-20T10:39:46.323Z,16.9,1026.5,76
2025-02-20T10:44:46.329Z,16.7,1026.5,76
2025-02-20T10:49:46.340Z,16.7,1026.6,77
2025-02-20T10:54:46.338Z,16.5,1026.6,78
2025-02-20T10:59:46.350Z,16.5,1026.6,78
2025-02-20T11:04:46.351Z,16.6,1026.6,77
2025-02-20T11:09:46.364Z,16.6,1026.6,76
2025-02-20T11:14:46.374Z,16.7,1026.7,78
2025-02-20T11:19:46.388Z,16.7,1026.7,78
2025-02-20T11:24:46.396Z,16.3,1026.7,78
2025-02-20T11:29:46.420Z,16.2,1026.7,79
2025-02-20T11:34:46.429Z,16.2,1026.7,79
2025-02-20T11:39:46.416Z,16.1,1026.7,79
2025-02-20T11:44:46.434Z,16.2,1026.6,80
2025-02-20T11:49:46.426Z,16.3,1026.6,79
2025-02-20T11:54:46.429Z,16.2,1026.6,80
2025-02-20T11:59:46.441Z,16.3,1026.5,80
2025-02-20T12:04:46.470Z,16.3,1026.5,80
2025-02-20T12:09:46.471Z,16.2,1026.6,80
2025-02-20T12:14:46.458Z,16.4,1026.5,81
2025-02-20T12:19:46.484Z,16.5,1026.5,78
2025-02-20T12:24:46.493Z,16.4,1026.5,80
2025-02-20T12:29:46.502Z,16.2,1026.4,80
2025-02-20T12:34:46.960Z,16.1,1026.4,80
2025-02-20T12:39:46.633Z,16,1026.3,81
2025-02-20T12:44:46.545Z,16.3,1026.2,79
2025-02-20T12:49:58.563Z,16.4,1026.2,79
2025-02-20T12:54:46.554Z,16.3,1026.3,79
2025-02-20T12:59:46.630Z,16.4,1026.3,80
2025-02-20T13:04:58.608Z,16.1,1026.3,80
2025-02-20T13:09:58.597Z,15.9,1026.3,81
2025-02-20T13:14:59.595Z,15.8,1026.3,81
2025-02-20T13:19:46.601Z,15.8,1026.3,81
2025-02-20T13:24:46.600Z,15.8,1026.4,82
2025-02-20T13:29:46.616Z,15.8,1026.4,82
2025-02-20T13:34:46.585Z,15.6,1026.1,82
2025-02-20T13:39:46.626Z,15.6,1026.1,82
2025-02-20T13:44:46.632Z,15.6,1026,81
2025-02-20T13:49:46.629Z,15.7,1026,81
2025-02-20T13:54:46.647Z,15.8,1026,81
2025-02-20T13:59:46.667Z,15.9,1026,82
2025-02-20T14:04:46.672Z,15.8,1026.5,80
2025-02-20T14:09:46.683Z,15.9,1025.9,80
2025-02-20T14:14:46.690Z,16,1025.9,79
2025-02-20T14:19:46.658Z,16,1025.9,79
2025-02-20T14:24:46.690Z,16,1025.9,79
2025-02-20T14:29:46.672Z,16.3,1025.8,79
2025-02-20T16:49:34.636Z,14.5,1026.5,80
2025-02-20T19:53:31.532Z,13.2,1027.8,86
2025-02-21T07:02:13.601Z,11.8,1027.7,92
2025-02-21T07:07:13.595Z,11.8,1027.8,92
2025-02-21T07:12:13.591Z,11.9,1027.7,92
2025-02-21T07:17:13.608Z,11.9,1027.7,92
2025-02-21T07:22:13.667Z,12,1027.8,92
2025-02-21T07:27:13.645Z,12.1,1027.9,92
2025-02-21T07:32:13.663Z,12,1028,92
2025-02-21T07:37:13.639Z,12.1,1028,92
2025-02-21T07:42:13.693Z,12.1,1027.9,92
2025-02-21T07:47:13.667Z,12.1,1028,91
2025-02-21T07:52:13.679Z,12.2,1028,91
2025-02-21T07:57:13.679Z,12.2,1028,91
2025-02-21T08:02:13.699Z,12.3,1028,91
2025-02-21T08:07:13.671Z,12.3,1027.9,90
2025-02-21T08:12:13.701Z,12.4,1028,90
2025-02-21T08:17:13.671Z,12.6,1027.9,90
2025-02-21T08:22:13.702Z,12.6,1027.8,90
2025-02-21T08:27:13.720Z,12.6,1027.6,89
2025-02-21T08:32:13.728Z,12.7,1027.6,89
2025-02-21T08:37:13.744Z,12.9,1027.6,89
2025-02-21T08:42:13.703Z,13,1027.6,88
2025-02-21T08:47:13.698Z,13,1027.6,88
2025-02-21T08:52:13.710Z,13.2,1027.7,87
2025-02-21T08:57:13.738Z,13.2,1027.8,86
2025-02-21T09:02:13.722Z,13.4,1027.7,87
2025-02-21T09:07:13.778Z,13.4,1027.7,85
2025-02-21T09:12:13.821Z,13.6,1027.8,86
2025-02-21T09:17:13.785Z,13.8,1027.7,84
2025-02-21T09:22:13.787Z,13.8,1027.7,84
2025-02-21T09:27:15.580Z,13.8,1027.8,83
2025-02-21T09:32:15.553Z,14,1027.6,83
2025-02-21T09:37:15.559Z,14.1,1027.7,82
2025-02-21T09:42:15.587Z,14.2,1027.7,82
2025-02-21T09:47:15.570Z,14.2,1027.8,82
2025-02-21T09:52:16.038Z,14.2,1027.9,83
2025-02-21T09:57:15.589Z,14.2,1027.9,83
2025-02-21T10:02:15.594Z,14.1,1027.9,83
2025-02-21T10:07:15.608Z,14.1,1027.9,83
2025-02-21T10:12:15.667Z,13.9,1027.8,83
2025-02-21T10:17:15.623Z,13.9,1027.7,85
2025-02-21T10:22:15.639Z,13.6,1027.7,86
2025-02-21T10:27:15.641Z,13.6,1027.5,86
2025-02-21T10:32:15.666Z,13.6,1027.5,87
2025-02-21T10:37:15.656Z,13.6,1027.4,87
2025-02-21T10:42:15.895Z,13.7,1027.4,86
2025-02-21T10:47:15.669Z,13.8,1027.4,86
2025-02-21T10:52:15.677Z,13.9,1027.4,85
2025-02-21T10:57:15.689Z,13.9,1027.4,85
2025-02-21T11:02:15.726Z,14.1,1027.4,85
2025-02-21T11:07:15.709Z,14.1,1027.3,85
2025-02-21T11:12:15.768Z,14.1,1027.2,84
2025-02-21T11:17:15.719Z,14.1,1027.1,84
2025-02-21T11:22:15.744Z,14.2,1027.1,85
2025-02-21T11:27:15.775Z,14.3,1027.1,84
2025-02-21T11:32:15.738Z,14.2,1026.9,84
2025-02-21T11:37:15.792Z,14.3,1026.9,85
2025-02-21T11:42:15.773Z,14.3,1026.8,84
2025-02-21T11:47:15.769Z,14.3,1026.8,84
2025-02-21T11:52:15.783Z,14.4,1026.8,85
2025-02-21T11:57:15.805Z,14.3,1026.7,85
2025-02-21T12:02:15.799Z,14.4,1026.6,85
2025-02-21T12:07:15.830Z,14.3,1026.6,85
2025-02-21T12:12:15.840Z,14.3,1026.6,85
2025-02-21T12:17:15.852Z,14.4,1026.5,84
2025-02-21T12:22:15.909Z,14.5,1026.4,85
2025-02-21T12:27:15.841Z,14.5,1026.3,84
2025-02-21T12:32:15.845Z,14.5,1026.2,84
2025-02-21T12:37:15.861Z,14.6,1026.2,84
2025-02-21T12:42:15.850Z,14.6,1026.2,84
2025-02-21T12:47:15.869Z,14.6,1026.1,83
2025-02-21T12:53:47.177Z,14.6,1026.1,84
2025-02-21T12:58:47.181Z,14.5,1026.1,84
2025-02-21T13:44:21.488Z,14.4,1025.5,86
2025-02-21T13:49:21.370Z,14.4,1025.4,86
2025-02-21T13:54:21.361Z,14.5,1025.3,86
2025-02-21T13:59:21.376Z,14.5,1025.3,86
2025-02-21T14:04:21.385Z,14.5,1025.3,86
2025-02-21T14:09:21.392Z,14.4,1025.3,86
2025-02-21T14:14:21.380Z,14.2,1025.2,86
2025-02-21T14:19:21.414Z,14.1,1025.2,86
2025-02-21T14:24:21.420Z,14.1,1025.1,87
2025-02-21T14:29:21.406Z,14.1,1025.1,87
2025-02-21T14:34:21.428Z,14.1,1024.9,87
2025-02-21T14:39:21.462Z,14.1,1025,87
2025-02-21T14:44:21.501Z,14.1,1024.9,88
2025-02-21T14:49:21.471Z,14.2,1024.8,87
2025-02-21T14:54:21.450Z,14.3,1024.8,87
2025-02-21T14:59:21.468Z,14.3,1024.8,87
2025-02-21T15:04:21.497Z,14.4,1024.7,87
2025-02-21T15:09:21.515Z,14.5,1024.7,86
2025-02-21T15:14:21.522Z,14.5,1024.7,86
2025-02-21T15:19:21.527Z,14.5,1024.7,86
2025-02-21T15:24:21.531Z,14.5,1024.7,86
2025-02-21T15:29:21.541Z,14.7,1024.6,85
2025-02-21T15:34:21.549Z,14.7,1024.7,85
2025-02-21T15:39:21.553Z,14.8,1024.6,85
2025-02-21T15:44:21.625Z,14.8,1024.7,85
2025-02-21T15:49:21.579Z,14.7,1024.6,85
2025-02-21T15:54:21.582Z,14.7,1024.5,85
2025-02-21T15:59:21.595Z,14.7,1024.6,85
2025-02-21T16:04:21.612Z,14.6,1024.6,86
2025-02-21T16:09:21.638Z,14.6,1024.6,86
2025-02-21T16:14:21.624Z,14.6,1024.6,86
2025-02-21T16:19:21.637Z,14.6,1024.6,86
2025-02-21T16:24:21.607Z,14.6,1024.6,86
2025-02-21T16:29:21.650Z,14.5,1024.5,86
2025-02-21T16:34:21.618Z,14.5,1024.5,86
2025-02-21T16:39:21.634Z,14.5,1024.4,86
2025-02-21T16:44:21.648Z,14.5,1024.4,86
2025-02-21T16:49:21.648Z,14.6,1024.5,87
2025-02-21T16:54:21.668Z,14.5,1024.4,86
2025-02-21T17:48:20.333Z,13.8,1024.4,89
2025-02-21T17:53:20.392Z,13.8,1024.4,89
2025-02-21T17:58:20.336Z,13.8,1024.4,88
2025-02-21T18:03:20.372Z,13.6,1024.3,87
2025-02-21T18:08:20.372Z,13.5,1024.4,88
2025-02-21T18:13:20.346Z,13.3,1024.4,87
2025-02-21T18:18:20.362Z,13,1024.4,88
2025-02-21T18:23:20.394Z,12.8,1024.4,88
2025-02-21T18:28:20.399Z,12.6,1024.5,89
2025-02-21T18:33:20.422Z,12.3,1024.4,89
2025-02-21T18:38:20.421Z,12.2,1024.5,89
2025-02-21T18:43:20.430Z,11.9,1024.5,89
2025-02-21T18:48:20.431Z,11.5,1024.5,89
2025-02-21T18:53:20.418Z,11.1,1024.5,90
2025-02-21T18:58:20.491Z,11,1024.4,91
2025-02-21T19:03:20.469Z,11,1024.7,91
2025-02-21T19:08:20.469Z,10.9,1024.9,91
2025-02-21T19:13:20.484Z,10.9,1025,91
2025-02-21T19:18:20.477Z,11.2,1025,92
2025-02-21T19:23:20.471Z,11.4,1025,92
2025-02-21T19:28:20.506Z,11.5,1025,92
2025-02-21T19:33:20.489Z,11.2,1025,91
2025-02-21T19:38:20.499Z,11,1025.1,92
2025-02-21T19:43:20.515Z,10.9,1025,92
2025-02-21T19:48:20.609Z,10.8,1025,92
2025-02-21T19:53:20.511Z,10.6,1025,92
2025-02-21T19:58:20.508Z,10.4,1025.1,92
2025-02-21T20:03:20.541Z,10.2,1025,92
2025-02-21T20:08:20.528Z,10,1025.1,92
2025-02-21T20:13:20.556Z,9.6,1025.1,92
2025-02-21T20:18:20.576Z,9.3,1025.1,92
2025-02-21T20:23:20.542Z,9.2,1025.1,93
2025-02-21T20:28:20.547Z,9.2,1025.1,92
2025-02-21T20:33:20.557Z,9.1,1025,93
2025-02-21T20:38:20.551Z,8.9,1025,93
2025-02-21T20:43:20.561Z,8.7,1025.1,93
2025-02-21T20:48:20.581Z,8.6,1025,93
2025-02-21T20:53:20.573Z,8.4,1025.1,93
2025-02-21T20:58:20.605Z,8.2,1025.2,93
2025-02-21T21:03:20.628Z,8.2,1025.2,93
2025-02-21T21:08:20.640Z,8,1025.2,93
2025-02-21T21:13:20.652Z,8.1,1025,94
2025-02-21T21:18:20.632Z,8.2,1024.9,94
2025-02-21T21:23:20.681Z,8.2,1024.9,94
2025-02-21T21:28:20.657Z,8.1,1024.7,94
2025-02-21T21:33:20.693Z,7.9,1024.6,94
2025-02-21T21:38:20.695Z,7.8,1024.5,94
2025-02-21T21:43:20.686Z,7.6,1024.6,94
2025-02-21T21:48:20.708Z,7.7,1024.6,94
2025-02-21T21:53:20.708Z,7.7,1024.6,94
2025-02-21T21:58:20.742Z,7.7,1024.6,94
2025-02-21T22:03:20.723Z,7.8,1024.6,94
2025-02-21T22:08:20.701Z,7.5,1024.4,94
2025-02-21T22:13:20.712Z,7.4,1024.2,94
2025-02-21T22:18:20.758Z,7.4,1024.3,94
2025-02-21T22:23:20.747Z,7.4,1024.1,94
2025-02-21T22:28:20.779Z,7.5,1024,94
2025-02-21T22:33:20.779Z,7.4,1023.9,94
2025-02-21T22:38:20.886Z,7.5,1023.8,95
2025-02-21T22:43:20.788Z,7.7,1023.8,94
2025-02-21T22:48:20.770Z,7.6,1023.7,94
2025-02-21T22:53:20.808Z,7.5,1023.6,94
2025-02-21T22:58:20.784Z,7.3,1023.5,94
2025-02-22T10:33:11.384Z,16.9,1020.5,83
2025-02-22T10:38:11.340Z,17,1020.6,83
2025-02-22T10:43:11.365Z,17.3,1020.5,82
2025-02-22T10:48:11.361Z,17.1,1020.6,82
2025-02-22T10:58:24.859Z,17.3,1020.4,82
2025-02-22T11:03:24.791Z,17.7,1020.5,80
2025-02-22T11:08:24.775Z,17.7,1020.4,82
2025-02-22T11:13:24.912Z,17.6,1020.4,80
2025-02-22T11:18:24.976Z,17.8,1020.3,79
2025-02-22T11:23:24.876Z,17.9,1020.3,78
2025-02-22T11:28:24.962Z,18,1020.3,80
2025-02-22T11:33:24.843Z,18.1,1020.1,79
2025-02-23T10:51:30.742Z,15.3,1027.7,88
2025-02-23T10:56:30.716Z,15.3,1027.7,87
2025-02-23T11:01:30.730Z,15.4,1027.7,87
2025-02-23T11:06:30.742Z,15.3,1027.7,87
2025-02-23T11:11:30.770Z,15.2,1027.8,88
2025-02-23T11:16:33.410Z,15.1,1027.9,88
2025-02-23T11:21:33.394Z,15,1027.8,88
2025-02-23T11:26:33.415Z,15,1027.8,88
2025-02-23T11:31:33.459Z,15,1027.8,88
2025-02-23T11:36:33.414Z,14.9,1027.7,88
2025-02-23T11:41:33.426Z,14.9,1027.7,88
2025-02-23T11:46:33.495Z,14.9,1027.7,88
2025-02-23T11:51:33.438Z,14.8,1027.7,88
2025-02-23T11:56:33.442Z,14.8,1027.6,88
2025-02-23T12:01:33.443Z,14.7,1027.7,88
2025-02-23T12:06:33.467Z,14.6,1027.6,89
2025-02-24T07:04:12.258Z,8.2,1030.1,96
2025-02-24T07:09:12.174Z,8.3,1030.1,96
2025-02-24T07:14:12.350Z,8.4,1030.1,96
2025-02-24T07:19:12.220Z,8.5,1030,96
2025-02-24T07:24:12.327Z,8.6,1030,96
2025-02-24T07:29:12.360Z,8.7,1030.1,96
2025-02-24T07:34:12.188Z,8.8,1030.1,96
2025-02-24T07:39:12.371Z,8.9,1030.1,96
2025-02-24T07:44:12.267Z,8.9,1030.2,96
2025-02-24T07:49:12.389Z,9.1,1030.1,96
2025-02-24T07:54:12.731Z,9.3,1030,96
2025-02-24T07:59:12.163Z,9.5,1030,96
2025-02-24T08:04:12.222Z,9.8,1030,96
2025-02-24T08:09:12.180Z,10,1030,96
2025-02-24T08:14:12.173Z,10.2,1029.9,96
2025-02-24T08:19:12.175Z,10.4,1029.9,96
2025-02-24T08:24:12.214Z,10.5,1029.8,96
2025-02-24T08:29:12.251Z,10.7,1029.8,96
2025-02-24T08:34:12.199Z,11,1029.7,96
2025-02-24T08:39:12.215Z,11.3,1029.8,96
2025-02-24T08:44:12.214Z,11.6,1030,96
2025-02-24T08:49:12.242Z,11.9,1030,96
2025-02-24T08:54:12.239Z,12,1030.1,97
2025-02-24T08:59:12.310Z,12.3,1030.1,96
2025-02-24T09:04:12.291Z,12.7,1030.1,96
2025-02-24T09:09:12.644Z,12.7,1030.1,96
2025-02-24T09:14:12.851Z,12.7,1030.1,96
2025-02-24T09:19:13.706Z,12.8,1030.2,96
2025-02-24T09:24:12.785Z,13.2,1030.1,97
2025-02-24T09:29:12.444Z,13.5,1030.2,97
2025-02-24T09:34:12.579Z,13.9,1030.3,97
2025-02-24T09:39:12.506Z,14.2,1030.2,97
2025-02-24T09:44:12.401Z,14,1030,96
2025-02-24T09:49:13.154Z,14.4,1030.1,96
2025-02-24T09:54:12.439Z,14.8,1030.2,96
2025-02-24T09:59:12.480Z,15.1,1030.1,96
2025-02-24T10:04:12.585Z,15.4,1030.2,95
2025-02-24T10:09:12.504Z,15.6,1030.3,94
2025-02-24T10:14:12.876Z,16,1030.3,94
2025-02-24T10:19:12.741Z,16,1029.9,93
2025-02-24T10:24:12.441Z,16,1029.9,93
2025-02-24T10:29:12.420Z,16.1,1029.9,92
2025-02-24T10:34:12.437Z,16.6,1029.9,90
2025-02-24T10:39:12.476Z,16.8,1029.9,88
2025-02-24T10:44:12.474Z,17,1029.8,83
2025-02-24T10:49:12.442Z,17.6,1030,81
2025-02-24T10:54:12.493Z,17.5,1030.1,81
2025-02-24T10:59:12.468Z,17,1030.1,80
2025-02-24T11:04:13.713Z,16.3,1030,81
2025-02-24T11:09:12.482Z,16.1,1029.9,80
2025-02-24T11:14:12.523Z,16.1,1029.9,80
2025-02-24T11:19:57.848Z,17.1,1029.8,79
2025-02-24T11:24:57.890Z,17.1,1029.7,78
2025-02-24T11:29:57.849Z,16.7,1029.6,79
2025-02-24T11:34:57.863Z,17.2,1029.6,76
2025-02-24T11:39:57.876Z,17.3,1029.5,76
2025-02-24T11:44:57.873Z,16.6,1029.3,78
2025-02-24T11:49:57.912Z,16.5,1029.1,79
2025-02-24T11:54:57.901Z,17.3,1029.2,77
2025-02-24T11:59:58.408Z,17.7,1029.1,77
2025-02-24T12:04:57.927Z,17.8,1028.9,75
2025-02-24T12:09:58.091Z,17.8,1028.9,75
2025-02-24T12:14:57.986Z,18.1,1028.8,76
2025-02-24T12:19:58.245Z,18.4,1028.9,74
2025-02-24T12:24:58.266Z,18.4,1028.9,72
2025-02-24T12:29:58.694Z,17.6,1028.8,74
2025-02-24T12:34:58.128Z,18.1,1028.7,74
2025-02-24T12:39:58.217Z,18.4,1028.6,74
2025-02-24T12:44:58.195Z,18.4,1028.4,72
2025-02-24T12:49:57.998Z,18.2,1028.2,75
2025-02-24T12:54:58.492Z,18.1,1028.1,74
2025-02-24T12:59:58.760Z,18.3,1028,75
2025-02-24T13:35:09.782Z,17.9,1027.6,75
2025-02-24T13:40:09.810Z,17.7,1027.5,76
2025-02-24T13:45:09.808Z,18,1027.4,74
2025-02-24T13:50:09.798Z,17.8,1027.4,74
2025-02-24T13:55:09.791Z,18,1027.4,74
2025-02-24T14:00:09.830Z,17.4,1027.3,74
2025-02-24T14:05:09.816Z,17,1027.1,76
2025-02-24T14:10:09.852Z,16.9,1027.2,75
2025-02-24T14:15:09.831Z,17.1,1027,77
2025-02-24T14:20:09.870Z,17.2,1026.9,75
2025-02-24T14:25:09.868Z,17.1,1027.1,75
2025-02-24T14:30:09.891Z,17.4,1027.2,76
2025-02-24T14:35:09.856Z,17.3,1027.2,75
2025-02-24T14:40:09.860Z,17,1027.1,75
2025-02-24T14:45:09.882Z,17,1027,77
2025-02-24T14:50:09.881Z,17.2,1027,76
2025-02-24T14:55:09.865Z,16.9,1027,78
2025-02-24T15:00:09.885Z,17,1026.9,78
2025-02-24T15:05:09.888Z,17.2,1026.9,78
2025-02-24T15:10:09.891Z,17.1,1026.9,78
2025-02-24T15:15:09.898Z,16.9,1026.9,79
2025-02-24T15:20:09.907Z,16.5,1026.9,79
2025-02-24T15:25:09.917Z,16.3,1026.8,80
2025-02-24T15:30:09.924Z,16.4,1026.8,80
2025-02-24T15:35:09.962Z,16.3,1026.6,79
2025-02-24T15:40:09.939Z,16.2,1026.6,78
2025-02-24T15:45:09.974Z,16.1,1026.5,79
2025-02-24T15:50:09.959Z,16,1026.4,79
2025-02-24T15:55:09.991Z,15.9,1026.4,80
2025-02-24T16:00:09.976Z,15.8,1026.4,79
2025-02-24T16:05:09.989Z,15.7,1026.3,80
2025-02-24T16:10:09.989Z,15.6,1026.3,81
2025-02-24T16:15:10.003Z,15.6,1026.2,80
2025-02-24T16:20:10.012Z,15.4,1026.2,82
2025-02-24T16:25:10.019Z,15.3,1026.1,82
2025-02-24T16:30:10.043Z,15.3,1026.2,82
2025-02-25T08:04:50.908Z,14.1,1020.7,92
2025-02-25T08:09:50.893Z,14.2,1020.8,92
2025-02-25T08:14:50.912Z,14.5,1020.9,92
2025-02-25T08:19:50.915Z,14.8,1020.9,92
2025-02-25T08:24:50.924Z,15.1,1020.8,91
2025-02-25T08:29:50.900Z,15.4,1020.8,91
2025-02-25T08:34:50.940Z,15.5,1020.9,90
2025-02-25T08:39:50.941Z,15.8,1020.9,89
2025-02-25T08:44:50.956Z,15.8,1020.9,88
2025-02-25T08:49:50.936Z,15.8,1020.7,86
2025-02-25T08:54:50.958Z,15.9,1020.7,85
2025-02-25T08:59:50.958Z,16.2,1020.7,83
2025-02-25T09:04:50.981Z,16.2,1020.7,83
2025-02-25T09:09:50.986Z,16.2,1020.8,81
2025-02-25T09:14:51.000Z,16.2,1020.9,80
2025-02-25T09:19:50.985Z,16.2,1021,79
2025-02-25T09:24:50.984Z,16.3,1020.9,79
2025-02-25T09:29:51.029Z,16.3,1021,77
2025-02-25T09:34:52.500Z,16.4,1021.1,77
2025-02-25T09:39:52.514Z,16.6,1021.1,77
2025-02-25T09:44:52.525Z,16.6,1021,77
2025-02-25T09:49:52.533Z,16.4,1020.9,76
2025-02-25T09:54:52.535Z,16.4,1020.8,77
2025-02-25T09:59:52.520Z,16.5,1020.9,77
2025-02-25T10:04:52.531Z,16.4,1020.8,76
2025-02-25T10:09:52.564Z,16.6,1020.7,77
2025-02-25T10:14:52.579Z,16.6,1020.7,77
2025-02-25T10:19:52.592Z,16.7,1020.7,77
2025-02-25T10:24:52.599Z,16.6,1020.6,76
2025-02-25T10:29:52.618Z,16.6,1020.6,76
2025-02-25T10:34:52.624Z,16.6,1020.7,75
2025-02-25T10:39:52.604Z,16.7,1020.8,75
2025-02-25T10:44:52.636Z,16.8,1021,75
2025-02-25T10:49:52.644Z,16.9,1020.9,75
2025-02-25T10:54:52.655Z,17,1021,75
2025-02-25T10:59:52.653Z,17.2,1021,75
2025-02-25T11:04:52.650Z,17.3,1020.9,73
2025-02-25T11:09:52.661Z,17.6,1021.1,73
2025-02-25T11:14:52.670Z,17.6,1021,72
2025-02-25T11:19:52.668Z,17.4,1020.9,73
2025-02-25T11:24:52.679Z,17.3,1020.8,74
2025-02-25T11:29:52.683Z,17.3,1020.7,74
2025-02-25T11:34:52.695Z,17.3,1020.7,74
2025-02-25T11:39:52.703Z,17.3,1020.7,75
2025-02-25T11:44:52.706Z,17.2,1020.6,73
2025-02-25T11:49:52.717Z,17.4,1020.5,75
2025-02-25T11:54:52.723Z,17.7,1020.5,72
2025-02-25T11:59:52.731Z,17.9,1020.3,74
2025-02-25T12:04:52.741Z,17.8,1020.3,73
2025-02-25T12:09:52.740Z,17.9,1020.3,73
2025-02-25T12:14:52.753Z,17.6,1020.2,74
2025-02-25T12:19:52.773Z,17.6,1020.3,74
2025-02-25T12:24:52.769Z,17.5,1020.2,73
2025-02-25T12:29:52.782Z,17.3,1020.2,74
2025-02-25T12:34:52.781Z,17.2,1020.1,75
2025-02-25T12:44:52.808Z,17.1,1019.9,75
2025-02-25T12:49:52.817Z,17.1,1020.1,75
2025-02-25T12:54:52.830Z,17.1,1020,75
2025-02-25T12:59:52.846Z,17,1019.9,74
2025-02-25T13:04:52.860Z,17.1,1020,75
2025-02-25T13:09:52.869Z,17.3,1019.8,75
2025-02-25T13:14:52.886Z,17.4,1019.7,73
2025-02-25T13:19:52.893Z,17.3,1019.7,73
2025-02-25T13:24:52.893Z,17.3,1019.8,73
2025-02-25T13:29:52.893Z,17.2,1019.7,73
2025-02-25T13:34:52.901Z,17.2,1019.7,75
2025-02-25T13:39:52.913Z,17.2,1019.7,75
2025-02-25T13:44:52.925Z,17,1019.7,74
2025-02-25T13:49:52.932Z,17,1019.7,75
2025-02-25T13:54:52.942Z,17,1019.7,77
2025-02-25T13:59:52.948Z,17,1019.7,75
2025-02-25T14:04:52.967Z,16.9,1019.6,76
2025-02-25T14:09:52.957Z,16.9,1019.8,76
2025-02-25T14:14:52.959Z,16.9,1019.6,76
2025-02-25T14:19:52.973Z,16.9,1019.6,76
2025-02-25T14:24:52.976Z,16.8,1019.6,76
2025-02-25T14:29:52.984Z,16.8,1019.7,77
2025-02-25T14:34:52.996Z,16.9,1019.7,77
2025-02-25T14:39:52.998Z,16.9,1019.7,77
2025-02-25T14:44:53.006Z,16.9,1019.7,75
2025-02-25T14:49:53.015Z,16.9,1019.7,77
2025-02-26T06:58:46.995Z,5.8,1024.8,94
2025-02-26T07:03:46.981Z,5.9,1024.8,94
2025-02-26T07:08:46.990Z,6.1,1024.8,95
2025-02-26T07:13:47.038Z,6.5,1025,94
2025-02-26T07:18:46.993Z,6.2,1025.1,94
2025-02-26T07:23:47.037Z,6.3,1025.1,94
2025-02-26T07:28:47.072Z,6.8,1025.2,95
2025-02-26T07:33:47.027Z,7.3,1025.2,95
2025-02-26T07:38:47.112Z,8,1025.2,95
2025-02-26T07:43:47.085Z,8.6,1025.3,95
2025-02-26T07:48:47.081Z,8.7,1025.3,94
2025-02-26T07:53:47.081Z,8.8,1025.3,94
2025-02-26T07:58:47.094Z,9,1025.1,93
2025-02-26T08:03:47.072Z,9.2,1025.2,93
2025-02-26T08:08:47.093Z,9.4,1025.3,93
2025-02-26T08:13:47.108Z,9.8,1025.3,93
2025-02-26T08:18:47.137Z,9.8,1025.4,92
2025-02-26T08:23:47.120Z,10.1,1025.2,92
2025-02-26T08:28:47.103Z,10.2,1025.3,92
2025-02-26T08:33:47.191Z,10.7,1025.4,91
2025-02-26T08:38:47.148Z,11.2,1025.4,92
2025-02-26T08:43:47.200Z,11.5,1025.4,90
2025-02-26T08:48:47.194Z,11.6,1025.3,88
2025-02-26T08:53:47.210Z,11.9,1025.4,86
2025-02-26T08:58:47.188Z,12.2,1025.5,84
2025-02-26T09:03:47.167Z,12.4,1025.5,84
2025-02-26T09:08:47.161Z,12.7,1025.6,81
2025-02-26T09:13:47.201Z,12.8,1025.2,79
2025-02-26T09:18:47.183Z,13.1,1025.3,78
2025-02-26T09:23:47.205Z,13.3,1025.4,76
2025-02-26T09:28:48.487Z,13.4,1025.3,76
2025-02-26T09:33:48.494Z,12.9,1025.4,75
2025-02-26T09:38:48.466Z,12.9,1025.5,75
2025-02-26T09:43:48.474Z,13.7,1025.6,75
2025-02-26T09:48:48.497Z,13.4,1025.7,73
2025-02-26T09:53:48.523Z,12.9,1025.7,75
2025-02-26T09:58:48.528Z,13,1025.7,76
2025-02-26T10:03:48.527Z,13.7,1025.7,74
2025-02-26T10:08:48.525Z,13.1,1025.7,74
2025-02-26T10:13:48.551Z,13.2,1025.7,73
2025-02-26T10:18:48.572Z,13.5,1025.7,73
2025-02-26T10:23:48.543Z,13.2,1025.8,74
2025-02-26T10:28:48.522Z,13.8,1025.7,72
2025-02-26T10:33:48.567Z,14.3,1025.6,67
2025-02-26T10:38:48.542Z,14.5,1025.6,70
2025-02-26T10:43:48.567Z,14.6,1025.7,68
2025-02-26T10:48:48.563Z,14.6,1025.6,69
2025-02-26T10:53:48.572Z,14.9,1025.5,69
2025-02-26T10:58:48.587Z,14.7,1025.5,68
2025-02-26T11:03:48.559Z,14.7,1025.6,67
2025-02-26T11:08:48.608Z,14.5,1025.5,70
2025-02-26T11:13:48.589Z,14.9,1025.5,64
2025-02-26T11:18:48.592Z,15.1,1025.5,68
2025-02-26T11:23:48.616Z,15.1,1025.4,67
2025-02-26T11:28:48.616Z,15.2,1025.5,69
2025-02-26T11:33:48.608Z,14.9,1025.4,68
2025-02-26T11:38:48.636Z,14.9,1025.5,67
2025-02-26T11:43:48.664Z,14.4,1025.3,68
2025-02-26T11:48:48.634Z,14.5,1025.3,69
2025-02-26T11:53:48.655Z,15.4,1025.3,69
2025-02-26T11:58:48.670Z,15.5,1025.3,68
2025-02-26T12:03:48.666Z,15.7,1025.3,68
2025-02-26T12:08:48.676Z,15.7,1025.2,71
2025-02-26T12:13:48.680Z,15.5,1025.1,72
2025-02-26T12:18:48.699Z,15.1,1025,72
2025-02-26T12:23:48.711Z,14.8,1024.9,74
2025-02-26T12:28:48.689Z,15.3,1024.9,73
2025-02-26T12:33:48.682Z,15.7,1024.8,75
2025-02-26T12:38:48.690Z,15.6,1024.6,72
2025-02-26T12:43:48.694Z,15.7,1024.5,72
2025-02-26T12:48:48.707Z,15.9,1024.3,71
2025-02-26T12:53:48.725Z,16,1024.3,75
2025-02-26T12:58:48.710Z,15.6,1024.2,70
2025-02-26T13:03:48.727Z,14.4,1023.9,74
2025-02-26T13:08:48.724Z,14.4,1023.7,74
2025-02-26T13:13:48.765Z,14.1,1023.9,74
2025-02-26T13:18:48.786Z,14.4,1023.7,75
2025-02-27T08:10:39.094Z,6.3,1022.5,95
2025-02-27T08:15:39.107Z,6.8,1022.6,95
2025-02-27T08:20:40.167Z,7.3,1022.6,95
2025-02-27T08:25:40.155Z,7.8,1022.4,95
2025-02-27T08:30:40.183Z,8.3,1022.3,95
2025-02-27T08:35:40.184Z,8.7,1022.6,94
2025-02-27T08:40:40.195Z,9.1,1022.5,94
2025-02-27T08:45:40.210Z,9.8,1022.6,93
2025-02-27T08:50:40.211Z,10.4,1022.5,90
2025-02-27T08:55:40.210Z,10.6,1022.7,88
2025-02-27T09:00:40.204Z,11.1,1022.6,88
2025-02-27T09:05:40.205Z,11,1022.6,86
2025-02-27T09:10:40.235Z,11.4,1022.7,85
2025-02-27T09:15:40.242Z,12,1022.8,86
2025-02-27T09:20:40.285Z,12.3,1022.4,84
2025-02-27T09:25:40.264Z,13,1022.4,84
2025-02-27T09:30:40.279Z,13.2,1022.4,81
2025-02-27T09:35:40.270Z,13.4,1022.5,81
2025-02-27T09:40:40.275Z,13.8,1022.6,81
2025-02-27T09:45:40.281Z,14.1,1022.3,79
2025-02-27T09:50:40.289Z,13.9,1022.3,79
2025-02-27T09:55:40.284Z,13.9,1022.4,79
2025-02-27T10:00:40.291Z,13.7,1022.4,79
2025-02-27T10:05:40.297Z,13.7,1022.2,79
2025-02-27T10:10:40.318Z,13.8,1022.2,79
2025-02-27T10:15:40.320Z,14.2,1022.2,80
2025-02-27T10:20:40.325Z,14.6,1022.4,81
2025-02-27T10:25:40.325Z,14.5,1022.5,79
2025-02-27T10:30:40.327Z,14.5,1022.3,78
2025-02-27T10:35:40.338Z,14.7,1022.3,76
2025-02-27T10:40:40.335Z,14.8,1022.3,76
2025-02-27T10:45:40.340Z,14.6,1022.3,77
2025-02-27T10:50:40.343Z,14.5,1022.4,76
2025-02-27T10:55:40.343Z,14.5,1022.3,76
2025-02-27T11:00:40.362Z,14.6,1022.2,76
2025-02-27T11:05:40.380Z,15.2,1022.1,77
2025-02-27T11:10:40.377Z,15.2,1022,72
2025-02-27T11:15:40.386Z,15.5,1021.9,73
2025-02-27T11:20:40.398Z,15.3,1021.8,74
2025-02-27T11:25:40.407Z,15.7,1021.8,75
2025-02-27T11:30:40.415Z,15.5,1021.6,72
2025-02-27T11:35:40.428Z,15.5,1021.5,70
2025-02-27T11:40:40.436Z,15.5,1021.5,75
2025-02-27T11:45:40.434Z,15.6,1021.5,72
2025-02-27T11:50:40.445Z,15.7,1021.4,72
2025-02-27T11:55:40.445Z,15.8,1021.3,73
2025-02-27T12:00:40.448Z,15.9,1021.2,72
2025-02-27T12:05:40.454Z,15.8,1021.1,71
2025-02-27T12:10:40.464Z,15.7,1021,73
2025-02-27T12:15:40.475Z,15.4,1021,70
2025-02-27T12:20:40.480Z,15.6,1021,72
2025-02-27T12:25:40.484Z,15.7,1020.9,69
2025-02-27T12:30:40.490Z,15.7,1020.8,70
2025-02-27T12:35:40.499Z,15.8,1020.9,73
2025-02-27T12:40:40.503Z,16.1,1020.9,70
2025-02-27T12:45:40.519Z,16.3,1020.7,71
2025-02-27T12:50:40.529Z,16.1,1020.6,70
2025-02-27T12:55:40.532Z,16.1,1020.6,67
2025-02-27T13:00:40.540Z,16.5,1020.5,69
2025-02-27T13:05:40.544Z,16.5,1020.5,72
2025-02-27T13:10:40.560Z,16.9,1020.3,67
2025-02-27T13:15:40.552Z,17,1020.3,68
2025-02-27T14:13:22.354Z,15.3,1019.9,74
2025-02-27T14:18:22.828Z,15.3,1019.8,75
2025-02-27T14:23:22.243Z,15.4,1019.7,76
2025-02-27T14:28:22.290Z,15.3,1019.7,76
2025-02-27T14:33:22.560Z,15.1,1019.7,75
2025-02-27T14:38:23.654Z,15.4,1019.7,77
2025-02-27T14:43:22.108Z,15.7,1019.6,75
2025-02-27T14:48:22.593Z,15.6,1019.4,72
2025-02-27T14:53:23.504Z,15.4,1019.5,74
2025-02-27T14:58:22.319Z,15.2,1019.5,75
2025-02-27T15:03:22.747Z,15.3,1019.5,76
2025-02-27T15:08:23.026Z,15.5,1019.5,74
2025-02-27T15:13:22.443Z,15.3,1019.5,75
2025-02-27T15:18:23.036Z,15.3,1019.5,74
2025-02-28T06:55:56.902Z,2.3,1019.3,95
2025-02-28T07:00:56.908Z,2.6,1019.2,95
2025-02-28T07:05:56.914Z,3,1019.2,96
2025-02-28T07:10:56.917Z,3.1,1019.2,96
2025-02-28T07:15:56.919Z,3.3,1019.4,95
2025-02-28T07:20:56.894Z,3.6,1019.5,96
2025-02-28T07:25:56.917Z,3.9,1019.5,96
2025-02-28T07:30:56.915Z,4.2,1019.7,96
2025-02-28T07:35:56.905Z,4.6,1019.7,96
2025-02-28T07:40:56.908Z,4.7,1019.7,95
2025-02-28T07:45:56.949Z,5,1019.7,96
2025-02-28T07:50:56.937Z,5.2,1019.8,96
2025-02-28T07:55:56.941Z,5.4,1019.6,96
2025-02-28T08:00:56.957Z,5.8,1019.7,96
2025-02-28T08:05:56.963Z,5.9,1019.8,95
2025-02-28T08:10:56.979Z,6.2,1019.9,95
2025-02-28T08:15:56.980Z,6.4,1020,95
2025-02-28T08:20:57.010Z,6.7,1020.1,95
2025-02-28T08:25:57.046Z,7,1020,95
2025-02-28T08:30:57.162Z,7.5,1019.9,95
2025-02-28T08:35:57.039Z,7.8,1019.9,95
2025-02-28T08:40:57.068Z,8.2,1019.9,95
2025-02-28T08:45:57.069Z,8.7,1019.8,95
2025-02-28T08:50:57.097Z,9.3,1019.9,95
2025-02-28T08:55:57.058Z,9.7,1020,95
2025-02-28T09:00:57.065Z,10.2,1019.8,94
2025-02-28T09:05:57.084Z,10.7,1020,95
2025-02-28T09:10:57.109Z,10.9,1019.9,93
